SR1000,MD1000,Boeing1,Qatar Airways
SR1001,MD1001,Boeing2,Qatar Airways
SR1002,MD1002,Boeing3,Qatar Airways
SR1003,MD1003,Boeing4,Qatar Airways
SR1004,MD1004,Boeing5,Emirates
SR1005,MD1005,Boeing6,Emirates
SR1006,MD1006,Boeing7,Emirates
SR1007,MD1007,Boeing8,Emirates
SR1008,MD1008,Boeing9,British Airways
SR1009,MD1009,Boeing10,British Airways
SR1010,MD1010,Boeing11,British Airways
SR1011,MD1011,Boeing12,British Airways
SR1012,MD1012,Boeing13,JetAirways
SR1013,MD1013,Boeing14,JetAirways
SR1014,MD1014,Boeing15,JetAirways
SR1015,MD1015,Boeing16,JetAirways
