W,P101
W,P102
W,P103
W,P104
W,P105
W,P106
W,P107
W,P108
W,P109
W,P110
W,P111
W,P112
W,P113
W,P114
W,P115
W,P116
W,P117
W,P118
W,P119
W,P120
A,P121
A,P122
A,P123
A,P124
A,P125
A,P126
A,P127
A,P128
A,P129
A,P130
A,P131
W,P132
W,P133
W,P134
W,P135
W,P136
W,P137
W,P138
W,P139
W,P140
W,P141
W,P142
W,P143
W,P144
W,P145
W,P146
W,P147
W,P148
W,P149
W,P150
M,P151
M,P152
M,P153
M,P154
M,P155
M,P156
M,P157
M,P158
M,P159
M,P160
M,P161
M,P162
M,P163
W,P164
W,P165
W,P166
W,P167
W,P168
W,P169
W,P170
M,P171
M,P172
M,P173
M,P174
M,P175
M,P176
M,P177
M,P178
M,P179
M,P180
M,P181
M,P182
M,P183
M,P184
M,P185
M,P186
M,P187
M,P188
M,P189
M,P190
M,P191
M,P192
M,P193
M,P194
M,P195
M,P196
M,P197
M,P198
M,P199
A,P200
A,P201
A,P202
A,P203
A,P204
A,P205
A,P206
A,P207
A,P208
A,P209
A,P210
A,P211
A,P212
A,P213
A,P214
A,P215
A,P216
A,P217
A,P218
M,P219
M,P220
M,P221
M,P222
M,P223
A,P224
A,P225
W,P226
W,P227
W,P228
W,P229
W,P230
A,P231
A,P232
A,P233
A,P234
A,P235
A,P236
A,P237
M,P238
A,P239
A,P240
A,P241
A,P242
A,P243
M,P244
A,P245
A,P246
A,P247
A,P248
A,P249
W,P250
W,P251
W,P252
W,P253
W,P254
M,P255
W,P256
W,P257
W,P258
M,P259
W,P260
W,P261
W,P262
W,P263
W,P264
W,P265
W,P266
A,P267
W,P268
W,P269
W,P270
W,P271
W,P272
W,P273
W,P274
A,P275
A,P276
A,P277
W,P278
A,P279
A,P280
A,P281
M,P282
M,P283
M,P284
M,P285
M,P286
M,P287
M,P288
M,P289
M,P290
M,P291
W,P292
W,P293
W,P294
A,P295
A,P296
A,P297
A,P298
W,P299
A,P300
A,P301
M,P302
M,P303
M,P304
M,P305
M,P306
M,P307
M,P308
